0	-73.76636084984729	40.85351421708146	1411888239824
1	-74.27066733928702	40.544270829722045	1425054928507
2	-74.09038169653107	40.51063826392127	1441317586533
3	-74.18761213436066	40.83048216749864	1422388528429
4	-74.23984228600818	40.87976322019433	1408589327172
5	-73.97652587115243	40.49869370645575	1417631436680
6	-74.19232010712915	40.79283534621757	1413435628194
7	-73.96025146988319	40.5457807424586	1406112963237
8	-73.95497413004925	40.74515265854437	1418802891368
9	-73.90569249910199	40.6182980637325	1420933950853
10	-73.89919037885726	40.81383218831732	1440370075145
11	-74.27272264184177	40.71894743167942	1441778361158
12	-74.13070484068062	40.60435618361976	1425803719164
13	-73.84525447031233	40.88385403563457	1428660104513
14	-74.16151285463273	40.64134606469053	1444871440964
15	-73.80101153058374	40.852048217286594	1441652852599
16	-74.03385431564752	40.86896295251832	1450631236903
17	-74.21214091762577	40.624166264263636	1419596571035
18	-73.90774425443992	40.84764558445592	1423411706620
19	-73.99570715601824	40.72871774270605	1408856059238
20	-74.23097367939212	40.78668974158124	1411626151979
21	-74.190424587155	40.878648307158294	1428635280480
22	-73.97098153999251	40.75071560573561	1396037027517
23	-73.84921468919809	40.86805827659544	1427914363272
24	-74.17507307536623	40.64683897357613	1425164374722
25	-74.10519796365745	40.615212042953594	1408420360721
26	-74.14642073195982	40.58684068516576	1419724897047
27	-73.98947603935697	40.76621918155069	1388669731975
28	-73.91572284264619	40.7199158500949	1425542992500
29	-73.81902667609683	40.71987483051921	1413079958397
30	-74.04668985910116	40.81871267098869	1389809126857
31	-74.08457316134448	40.83192473383946	1390107675437
32	-74.10154439965142	40.75443584750103	1417846254643
33	-74.19953755730606	40.50852604607079	1414313957916
34	-73.9071180283014	40.710704533709475	1393344703646
35	-74.2013492899949	40.76367777722754	1415316162240
36	-74.13198119514105	40.55296475636768	1417651832108
37	-74.04125452305622	40.81517083005043	1397510292040
38	-73.90999443729827	40.52496876185554	1420162878388
39	-73.80961501813316	40.86110847002067	1411939807401
40	-74.23299449003598	40.82306562828179	1393815603143
41	-73.9636312015937	40.73838595054537	1395065853891
42	-73.83464938394039	40.655473805054754	1433266681730
43	-74.06078775440895	40.64514634269867	1400456032796
44	-74.19903111567542	40.54903195995353	1413084898188
45	-74.25644164078992	40.78117805517976	1424773934678
46	-73.91224004385238	40.80346072311318	1432638973462
47	-74.1541944556503	40.89295846437178	1407515675580
48	-74.025596262385	40.856223113000915	1437461327658
49	-73.89113227313214	40.739832061495974	1422407873904
50	-74.07203098118961	40.57294652868969	1426854784497
51	-74.26634011069272	40.89840101342473	1424420225339
52	-73.87475274890495	40.876956861675694	1442623928317
53	-73.93857366606655	40.64829851175308	1433097490515
54	-74.18850966223019	40.66499113740704	1440254379250
55	-73.90174614872014	40.7586928659393	1439650087596
56	-73.95753982667992	40.53583971883166	1411780866849
57	-74.05012203531993	40.6251593161201	1389442292678
58	-74.21233265657256	40.91011846495962	1409626926286
59	-73.90014456988295	40.72125893369672	1443362267389
60	-74.20387412569265	40.64513578287812	1426112513092
61	-74.00286751084258	40.771021142018846	1432874707933
62	-73.78217914960732	40.55676631194949	1433364951752
63	-74.18203803601632	40.601207901558844	1430862621385
64	-74.10711394764596	40.5950694818404	1427428158744
65	-74.10896476758971	40.905005448714434	1429978673310
66	-73.7745010387439	40.63245847892966	1424094765759
67	-74.20693547868225	40.54011584670338	1405937344176
68	-74.21184116317316	40.729503709523925	1449570827146
69	-73.83426161407523	40.51005985197442	1446855391181
70	-74.27417072020972	40.61578198907947	1424474244952
71	-73.86958424206192	40.84456513112824	1433793433582
72	-73.8850004615687	40.59211610437132	1390514157185
73	-73.87701005750048	40.82479919578314	1406893936279
74	-73.8097786936399	40.734485382136434	1408709768860
75	-74.14457789677158	40.911306962141616	1391543060863
76	-73.91526982962964	40.87401564209502	1437061158528
77	-73.93784364089086	40.90491490581039	1437219862917
78	-74.11796783460653	40.83609209917252	1435053565468
79	-73.95648514241314	40.74361495861179	1414795202954
80	-74.09782270065688	40.58663846228378	1438374340494
81	-74.09148761874688	40.59077787494729	1428395127238
82	-74.00417476458956	40.557767891291824	1424326389113
83	-74.22640960378747	40.532653961300085	1449515201058
84	-73.86713433067243	40.80921397688615	1412476022969
85	-73.92874329702397	40.89360369806921	1406181392343
86	-73.78751524104968	40.73892927909585	1438930115743
87	-74.03698356878093	40.67650888373017	1399661331419
88	-73.82267143976725	40.53861719696441	1406573692249
89	-73.88570289385429	40.75822943078186	1418718416995
90	-73.96383307057103	40.848531848321514	1414091166719
91	-73.94427946801649	40.752715716000864	1437836780179
92	-74.26344651261455	40.49610426957115	1405845364510
93	-74.12091809850627	40.9001428100775	1423838611258
94	-74.0051650515946	40.52702064975497	1441037531748
95	-74.26477975791916	40.88700136019371	1405988755177
96	-74.15866471501555	40.502400989702465	1446517245436
97	-74.03235056304928	40.720109238760415	1431933356165
98	-73.87357993736607	40.759125551539356	1402538414376
99	-73.92051735716032	40.693080884835936	1410334448044
100	-73.9282531239661	40.80722031352111	1403719495211
101	-73.75074741163695	40.8349210930491	1443995141048
102	-73.78000653159931	40.63601260248578	1402482025775
103	-74.0211028751322	40.53130597033415	1398349566684
104	-73.77567779381206	40.67227705738911	1440972974696
105	-74.22187860146074	40.88853127657347	1446300286854
106	-73.99471833878738	40.77693828281652	1406220621359
107	-74.13932559463926	40.598563975268604	1423283177513
108	-73.88341713455635	40.8694954818469	1393620281737
109	-74.15730497962066	40.75715506070871	1394228156372
110	-73.93646953875974	40.902973468792524	1449118281356
111	-74.07626543527701	40.82591291332703	1438434290346
112	-73.8215466574065	40.61719893414284	1425317482440
113	-74.0138941047057	40.55339569830216	1408897126620
114	-74.11760931456168	40.4928549073853	1417671351891
115	-74.242316239618	40.906819401844444	1447235015504
116	-73.78285650362264	40.50585510814923	1446205771068
117	-73.96281503613179	40.91471886704027	1436936634498
118	-73.94229354834837	40.557413254192284	1394624365764
119	-74.09660050874031	40.860013873349075	1444997820311
120	-73.97026316709136	40.59813986759773	1448049631304
121	-73.75969717755324	40.6071991196387	1433650160821
122	-74.04944299008027	40.83467918929832	1416641420128
123	-74.09816663666912	40.604374822751865	1433921022121
124	-74.27342242642487	40.69742808755153	1438100664298
125	-73.90494950454801	40.82766965685825	1418607386797
126	-74.16796863632665	40.8907509753024	1432758337834
127	-73.84138867690834	40.89112559253314	1445415882347
128	-74.15092313754852	40.797350375409046	1395162347136
129	-74.12371295001138	40.90007176030964	1446167509896
130	-74.23150460345836	40.735002800243464	1445149830060
131	-74.12338921970111	40.79052979437869	1422505863112
132	-73.75133128561512	40.82031000956364	1433089759717
133	-73.78709233562702	40.80006868981428	1409482953662
134	-73.7586652509698	40.66145921093269	1403923121387
135	-73.95017314919957	40.85915878307659	1408809156609
136	-73.8804320326164	40.73768969898587	1397587261465
137	-73.82251288615554	40.51304227635508	1405723569367
138	-73.9722872801105	40.75948780389445	1451376989697
139	-73.82235472953167	40.89736972695011	1448617905840
140	-74.2289917857795	40.82994839178522	1391336406402
141	-73.98013557750848	40.592748314431454	1433427389828
142	-73.77646469710814	40.501285295166994	1392703408312
143	-73.84199052319133	40.50282503842782	1432965249202
144	-73.92501376632815	40.53697214202988	1451263606737
145	-74.11081808224725	40.63357716867534	1413255014400
146	-74.14249765331776	40.694725338156864	1433211518461
147	-74.16966988247911	40.73220251501758	1411583230069
148	-74.04992592270635	40.56927605821383	1446354674793
149	-74.02828795795376	40.87489678947105	1445446945809
150	-74.14165397504728	40.52869821323004	1425665459741
151	-73.83101344475745	40.74711932860803	1429292942058
152	-73.79742483973371	40.64432226058261	1446688641994
153	-73.7548502886883	40.57625011304162	1449315498667
154	-74.1239425146686	40.6975937466471	1409143335191
155	-73.83807342641609	40.88289906411785	1424785611549
156	-73.82994686276514	40.67327034597525	1396087858283
157	-74.2720718188712	40.67358964525961	1419066360422
158	-73.74986774665439	40.81577001064635	1437496842091
159	-73.89840319454795	40.676845205046135	1403060615348
160	-73.95380758800121	40.88899077146239	1402961395381
161	-73.75619970126111	40.54800181056765	1447574449973
162	-74.23165190438142	40.51338688013396	1408800164101
163	-74.13532797390965	40.83760836502762	1417745444886
164	-74.08782497584306	40.646670161524696	1394175028377
165	-73.97514212074493	40.512349120959314	1425368840335
166	-74.03993387892224	40.799081786475135	1413751103763
167	-74.26146082945284	40.61974544899384	1399592244404
168	-73.92619523293297	40.75492519382273	1394526328055
169	-74.1383231251009	40.667461657888246	1425832357664
170	-74.13345974314073	40.70380765695031	1411361394043
171	-74.03981178595701	40.70465382620137	1421896077864
172	-73.95888847721808	40.55124201728003	1400756072408
173	-74.1559896037101	40.57813576456824	1410666800129
174	-73.77051418450063	40.505490133093474	1443080232591
175	-74.26869303549975	40.642678741656745	1446491017511
176	-73.9083919548474	40.53911709437177	1441197007028
177	-73.85223215431596	40.85590389966886	1426016096800
178	-73.80295059712246	40.79000968454087	1417692911879
179	-73.93257585878155	40.49177039225677	1400882087411
180	-73.86526568487258	40.58384400067857	1439740849929
181	-73.89963825336034	40.73556333941561	1393476968067
182	-74.09894527058339	40.619629842275515	1390100215990
183	-74.1990742416455	40.740247586582086	1444147358251
184	-73.82321506186477	40.623638632186996	1428932290991
185	-74.08921438181052	40.87181393635488	1401513026502
186	-73.87711265792454	40.89499109677025	1408742960467
187	-73.97859142658719	40.770426412036926	1415209212181
188	-74.11716028227156	40.54295591158674	1421141889389
189	-74.10486583819157	40.77969040138087	1391398580466
190	-74.09059886320794	40.54612228610859	1408860618374
191	-73.96485981261718	40.71674843015422	1410932799749
192	-74.12424914568913	40.53230027953965	1448762580031
193	-73.74624928150354	40.850203713781895	1433669130520
194	-73.91765034553751	40.63212567842334	1408148190013
195	-73.89680323295885	40.523044024007454	1443006062169
196	-73.96138190368724	40.53223651202513	1444432555214
197	-74.19484204483484	40.75727639063963	1435119163053
198	-74.08221366539306	40.918673700306044	1398922518784
199	-74.05170166032603	40.80542576260827	1442878758622
200	-73.74177281732449	40.88633896054248	1400807965665
201	-74.07997199209304	40.5800018672356	1422693023837
202	-74.18196555967461	40.607078713327795	1442931719371
203	-73.98522511586499	40.51972925975926	1423015139874
204	-74.03350353944546	40.60489845778964	1390892666151
205	-73.9633777583025	40.58103782706511	1396284053097
206	-73.79594731780716	40.791444333017196	1396976994161
207	-74.19271715434881	40.646415632143636	1402887902684
208	-74.09645029781078	40.80996888248169	1403529941365
209	-74.17454206215503	40.49939551549678	1444369343074
210	-73.86164048069244	40.696856567709524	1442899201799
211	-73.98951426105779	40.71794431651675	1396093855871
212	-74.11985250391649	40.561996376115395	1401765381149
213	-74.0505907262229	40.80049771440176	1433327381808
214	-73.8235906963093	40.529191920101404	1425167864110
215	-74.21841462593278	40.7062877538755	1423830974525
216	-73.9711395083991	40.577142468731616	1417446254831
217	-73.83421988170595	40.563025032634	1405439898238
218	-73.93033980303315	40.60379743064406	1435033948724
219	-73.9692472866634	40.53381887782272	1442559180771
220	-74.04924735356437	40.728315291823165	1400608844418
221	-74.02978564344741	40.77472931245604	1441743773138
222	-73.93586071884502	40.5090125547837	1428480796755
223	-74.04830014392202	40.820791105665	1423579993699
224	-74.08507886518763	40.606526657847105	1427254294674
225	-74.21527692043439	40.88863065671644	1403468284210
226	-74.25207652580151	40.50650636399879	1441401788275
227	-74.23642754125889	40.72138544445154	1416685669432
228	-74.10598855619772	40.5889676055728	1436194288740
229	-73.88468529123409	40.724142184204325	1430453895158
230	-74.25109205634035	40.54268967358481	1413730630045
231	-74.06046904371496	40.717310429550594	1418296181961
232	-74.21148267726727	40.52492415283708	1401412177127
233	-74.22410106599364	40.59412148906121	1449777611677
234	-73.9201108205139	40.749330546015784	1402724672564
235	-73.73876167158325	40.539336115951386	1444089481727
236	-73.80163976688922	40.49930213989359	1389166683549
237	-73.99520394194245	40.772664056502194	1443291706615
238	-73.9768633324176	40.646523675431524	1401584884947
239	-73.92040494252036	40.62381549283558	1392061439234
240	-74.12118067086118	40.732677274116384	1434610818252
241	-74.27490673885234	40.521284084431514	1449533209054
242	-73.75927558200468	40.7342093419674	1404112973101
243	-73.79678908938567	40.893612750213265	1425139479214
244	-74.02031067296186	40.78383972549412	1424234238115
245	-73.92233559576886	40.6056080626755	1438932237531
246	-74.08515024236141	40.50303973125404	1428468066394
247	-74.09600309951398	40.69547545312657	1428190791619
248	-73.81495356297275	40.62524329948526	1400802400269
249	-73.9547965487129	40.84812113905426	1422147450855
250	-73.97857250478198	40.70684214607372	1391723585693
251	-73.92913120907835	40.60669419311041	1417221263643
252	-74.24934600227992	40.51765800577289	1418050513520
253	-74.2471857645965	40.83746929540304	1430753257754
254	-74.26370903719628	40.51545895524253	1431067691817
255	-73.74092336993186	40.752900344251444	1421466944351
256	-73.92196210536942	40.545490376943285	1416605128195
257	-74.0260105905975	40.78708301930313	1414880708491
258	-73.81953456675056	40.88334800225903	1393486067425
259	-73.76029309850028	40.588329820266374	1437103817717
260	-74.01269607517108	40.70694682808676	1392603121486
261	-74.13517296955644	40.84038498780163	1415014275619
262	-73.84640082012584	40.88055820465841	1412692071986
263	-74.22474408041654	40.6520839492747	1399820852846
264	-74.08807304596341	40.79513363934606	1389236073409
265	-73.76701768558625	40.51708931995285	1394040619258
266	-73.96001919106882	40.82453861484989	1408611460232
267	-73.88383371253285	40.7014706750369	1403343833632
268	-73.8397930380432	40.84803246904995	1446453337247
269	-73.74263095221765	40.51577031585645	1391056355158
270	-73.98608879704375	40.704827539301725	1445042923687
271	-74.16968347542145	40.735371013667034	1406538062628
272	-74.05753539441872	40.598936502653295	1427501306279
273	-74.15189538525847	40.86197109612724	1429533879563
274	-73.79079571486359	40.49414890253407	1419228127318
275	-74.19166263388688	40.56160049240878	1426757383315
276	-73.82880453295198	40.571238800759865	1411806823409
277	-74.12972923864712	40.83194520940643	1408811468317
278	-74.23975984173131	40.80854039166922	1439111624120
279	-74.13968983415631	40.74592535360809	1414494327359
280	-74.02150614105784	40.57026767031949	1418703801596
281	-74.21499113113816	40.63470985385611	1422485893858
282	-73.78339950625988	40.773334245465236	1435210290115
283	-73.96628765513503	40.84772206281787	1411657203418
284	-74.10958356199241	40.56019749651572	1438069114444
285	-74.12139736274526	40.751651384070634	1388695958471
286	-74.15791608258297	40.6119972943589	1414675921205
287	-74.15265376552347	40.898915720531356	1446392124439
288	-74.11809107284229	40.75147664121735	1420840877418
289	-73.78012629855985	40.624074970871995	1424221416510
290	-73.88708194578376	40.76893528874368	1421597771411
291	-73.88043704417825	40.891646825331755	1414116290674
292	-73.77396287933291	40.748272292081836	1450235374032
293	-73.78149043131378	40.555541968367564	1435840896146
294	-74.10331699169114	40.6355227360942	1443424534861
295	-74.18024544650382	40.56787996828336	1413307957719
296	-73.7949855336876	40.7480780611764	1399801532263
297	-74.25045514652837	40.847441119970675	1449445959281
298	-74.19517848330081	40.499335183179134	1415206815508
299	-74.10648372183671	40.896494740845924	1431625751183
300	-73.75133043983915	40.677438172954425	1427072992943
301	-74.24585325854035	40.52591856732221	1428638056372
302	-73.80674322361978	40.64710660928073	1442780211660
303	-73.83611907530899	40.70657946270688	1409034355671
304	-73.88877988582588	40.7611147338972	1396596033898
305	-73.77293399308279	40.875171815551674	1450632246159
306	-74.04331554061542	40.749938131792696	1416200434214
307	-74.2316901253894	40.68672710243026	1430675119085
308	-74.2632144219386	40.57651885541117	1396313892821
309	-74.13541112319142	40.68563201143422	1399893985216
310	-73.86663554732463	40.764553070994396	1445900445485
311	-74.0967704562765	40.6560573385092	1434599228997
312	-74.25225174099491	40.881175599958546	1406523390760
313	-73.83954806373042	40.74505013050166	1419923988925
314	-74.21445188247631	40.734653743626865	1430770313719
315	-74.22138111098862	40.88702553274372	1391749549273
316	-73.93738311939123	40.705764960316884	1419616436466
317	-73.84138314570407	40.57521413136435	1418551340813
318	-74.15888306064414	40.618863771002445	1432225053048
319	-73.98157755858941	40.736653991720914	1410481239289
320	-73.90516155631298	40.53630162700519	1450926235678
321	-73.77697514436325	40.54436456928296	1426303370081
322	-73.99168633438424	40.855788330741476	1450349349786
323	-74.09709447383779	40.83093481803646	1391066782689
324	-74.08218894468656	40.882819487745266	1410597088165
325	-74.15261932928901	40.620138372463764	1420287998157
326	-73.76349281057108	40.890211105851336	1408609309395
327	-74.01225696025847	40.60707549408773	1396713621328
328	-74.15154821960768	40.68128133236887	1434458296235
329	-73.8528673817918	40.666408088563585	1429257840239
330	-74.03024489592754	40.65720328246123	1401018533372
331	-73.77132176901915	40.59680528658044	1442841389868
332	-73.91760878445318	40.82795196924002	1423425578224
333	-73.97067302586366	40.5195779394696	1393573070765
334	-74.17909757327618	40.77035511785477	1402060921460
335	-73.9531820867862	40.90030936721179	1420279501493
336	-73.8034854500082	40.652151951105786	1394535930111
337	-73.90319467544221	40.732326549142854	1408652453512
338	-74.17497540799799	40.67901793998096	1398904003902
339	-73.9112315770216	40.60709503700679	1420203073948
340	-73.80567373368362	40.717084871588064	1390366866289
341	-73.95682752185755	40.626716106569575	1429026474199
342	-74.25474782942277	40.52076302284457	1408055293158
343	-74.06638901522375	40.86892619790247	1441509643286
344	-74.20886154255466	40.56754963286561	1409609245437
345	-73.88807035387647	40.74318779860351	1437977244119
346	-74.23758234775192	40.4949663861789	1417754983568
347	-74.1078216991124	40.81141127183367	1448443110016
348	-74.05300907992866	40.75484112856261	1427236702631
349	-73.83928801191861	40.72297507307959	1396991861964
350	-74.1837468606126	40.831562561848564	1405107453915
351	-73.80925445989473	40.81313676616035	1436043133469
352	-73.91641200732454	40.88090513934083	1450972994332
353	-73.74849001204743	40.791814863099376	1410335789633
354	-74.0377347417491	40.64767452379649	1417349363725
355	-73.79825632786446	40.77224940250818	1410029484957
356	-74.03813275193932	40.912908112580894	1392590772897
357	-73.97859491819754	40.676273902735225	1402159249126
358	-74.04390824043301	40.80168593734765	1447385491086
359	-74.23961204354764	40.572047049253754	1395575224308
360	-74.0751957160986	40.62903165784067	1433389251418
361	-74.11269693406943	40.72541598643454	1420313232362
362	-74.01599730102105	40.72068726706212	1411541948157
363	-74.2201673224828	40.81442938261314	1390068042542
364	-74.23960709684769	40.62527811390832	1426035870072
365	-74.20193034193572	40.839598314400085	1424851706595
366	-74.2028499937644	40.566887534051006	1421294383347
367	-73.85561366023556	40.89674953822317	1449033504729
368	-73.77463837994422	40.88628434469307	1416566212640
369	-73.82329999448119	40.59203981006763	1443867787905
370	-73.9685098065168	40.82406616895673	1397271030364
371	-74.03025638141746	40.53470540008341	1432424915332
372	-74.11766470459659	40.88029118237731	1446143897981
373	-74.01524768475855	40.595342809671834	1427178454167
374	-73.89890782368985	40.785077601512256	1439139363289
375	-73.85200962238176	40.58422685271968	1437357737521
376	-74.24330405310658	40.795680547486306	1395751821812
377	-74.15047115569946	40.542923986149816	1398698999608
378	-74.1916405793676	40.681458651578	1389932865326
379	-74.20402968067015	40.72321447741458	1410195590838
380	-73.90050595393825	40.655633211380895	1397699419705
381	-74.14119899960326	40.72895593406506	1423683395325
382	-73.99240393123198	40.5704023278688	1403257428126
383	-74.16936654490928	40.6556570156592	1407093426398
384	-73.90343812719495	40.5668986551008	1409946288411
385	-74.09461713225916	40.90022610338699	1445990525578
386	-73.94816172681544	40.8778914533933	1413636137102
387	-73.88263803258604	40.71444229913171	1419209280714
388	-74.11360128733583	40.84763947583508	1435000939951
389	-74.0776994761261	40.492253844551904	1438843997794
390	-73.87884515109285	40.779804896287146	1407888951592
391	-73.8962872148568	40.578300660931255	1389802180030
392	-73.77829716035302	40.85185275240139	1445709791358
393	-74.1641277979793	40.526365913439946	1402576877346
394	-74.06428416072755	40.50016288132913	1431322335844
395	-73.94905361798796	40.76968225575845	1446129262691
396	-73.76114908111337	40.55031851301626	1422981689601
397	-74.07772204212105	40.85985587247219	1409656427923
398	-74.05414466080803	40.85712375248947	1432944917049
399	-74.00111501451745	40.66100192397105	1437768615687
400	-73.8383787233627	40.71443490308765	1394410318133
401	-73.82268237871001	40.815535119361726	1422437858966
402	-74.22856071854218	40.874026458660225	1422894203755
403	-74.10029361019339	40.82913577727677	1398274567241
404	-74.04420106599429	40.498666757710424	1410494339156
405	-73.94264811218002	40.72731032751945	1402769520141
406	-74.11005803955447	40.914012946102815	1415395865783
407	-73.97172769391243	40.82470193842221	1389018277524
408	-74.23685460967329	40.77236356018331	1418903176084
409	-73.80172309507803	40.57795693443848	1439261366265
410	-74.14121025980715	40.86080602340077	1429891799832
411	-73.84116994214031	40.68325256575665	1430744545632
412	-74.02030679616975	40.57624133390343	1443986924302
413	-74.11243707085917	40.59509771252772	1408311451049
414	-73.75747110654608	40.730379155548945	1440781903676
415	-73.88734207761814	40.765729224285174	1428830447584
416	-73.86567387084	40.762529241615866	1436879590119
417	-74.15957191479421	40.8911073890934	1389637073239
418	-73.89461335694911	40.59688516819074	1428524150246
419	-73.89638436417754	40.67985750600443	1430962759500
420	-74.0630147157768	40.50414806291528	1405086867361
421	-73.91234179129782	40.84218989643244	1410889506675
422	-73.83037875125888	40.518010455170035	1432358071921
423	-74.02138337441293	40.8357991662381	1444086147048
424	-74.00979698753213	40.721506687021375	1441160916959
425	-74.11876504211675	40.74582833909425	1433441905550
426	-73.80205445616922	40.8826518238636	1449903581774
427	-74.00866772877063	40.81813664781265	1411664515824
428	-74.09484149931643	40.91715283556515	1417117749946
429	-73.80541305753675	40.523885028845505	1410635045675
430	-73.79592982496878	40.549991401094296	1417132599914
431	-74.09860564720468	40.70380029089958	1432914003168
432	-73.76423211903321	40.88498728458615	1416298196252
433	-74.12559301945302	40.57804730088812	1420911205731
434	-74.04544812316028	40.70278836605929	1438846016865
435	-73.7533009409044	40.91074229161173	1440414410652
436	-73.76854572153977	40.634491321414345	1430876692055
437	-74.11888249710577	40.53958210676827	1449568314986
438	-74.21067003044661	40.67694938021251	1399737348352
439	-74.19033769483812	40.87627295127009	1402935600521
440	-74.07816961805003	40.570069276588	1419474643547
441	-73.7997080834272	40.51996487267748	1404197842654
442	-74.01942516584491	40.89982475704375	1443747419351
443	-73.96949832886762	40.892677080633355	1420443839277
444	-73.91571218619221	40.697554623573886	1422258508000
445	-73.79161830459522	40.79171474164211	1431744901025
446	-74.17026982627873	40.64416026954891	1423601086474
447	-73.90803983171915	40.527415580945856	1420715464280
448	-73.81018868327831	40.62119168987523	1412937003429
449	-74.08712601569263	40.84685944908845	1416739636879
450	-73.75831463634609	40.55576698847975	1417080152081
451	-74.03043025820672	40.857947874836405	1437758768593
452	-74.18141290101198	40.86650302238608	1435920794701
453	-74.1783800231446	40.564697356929095	1412996614926
454	-73.95186108663026	40.6465569608073	1396314450700
455	-73.8243689214545	40.718089156389254	1411677300911
456	-73.83103656299284	40.673777468790384	1429934434839
457	-74.25269208477292	40.641767383816564	1398153901719
458	-74.24908096765793	40.546451347672104	1420724770278
459	-73.81218715763391	40.894599713567864	1402395030664
460	-74.20952204752365	40.5497570244898	1417770034405
461	-74.14971756732454	40.87020283195985	1430009121351
462	-73.9852753631127	40.53853409910915	1396365965924
463	-73.80475582367043	40.5054955504569	1429893707714
464	-73.88287945119583	40.81190510653019	1408951784542
465	-74.242728848925	40.691152420326354	1424509475324
466	-73.90391525985105	40.51468537337777	1401441476318
467	-73.96656677748706	40.80436141513647	1443306817313
468	-74.1793040159041	40.568050971912335	1446253738245
469	-73.88934559455114	40.90181559963369	1419635822410
470	-74.0073297775939	40.72492276672148	1443992338896
471	-74.26773540799586	40.6625816326926	1410601707015
472	-73.7696361333329	40.698312246970325	1429780453006
473	-73.82879170634179	40.91404778755092	1442549447821
474	-74.03697992444393	40.82845740179771	1415216617864
475	-74.07902739240278	40.91685278347592	1396284765636
476	-74.10861544052958	40.855595912076275	1432822904582
477	-74.0762098840477	40.73252899132821	1421818209061
478	-73.7985297038737	40.89605517607169	1439461873424
479	-73.95172974384876	40.90941878155383	1409682145497
480	-73.87949570255206	40.899513177908915	1439320794285
481	-73.96789082737348	40.49899461743096	1417904756072
482	-74.12360041865502	40.51690399688267	1401985117014
483	-74.08709841963054	40.62441173617843	1440915614735
484	-73.7942458777824	40.59394872021052	1436956846168
485	-73.98389685370681	40.88263018605725	1403735257394
486	-74.06990767012267	40.56948218967507	1428878888708
487	-73.81910251528431	40.832003105742544	1425572880628
488	-73.91142832126445	40.53913526068316	1426044957438
489	-74.20023168999238	40.648737749324454	1450059609367
490	-73.74951214381295	40.82617928365548	1412927339847
491	-74.10652753567915	40.537182580853994	1411995499464
492	-74.20114483868969	40.56769453910173	1422647994312
493	-73.99563612282658	40.72450030158103	1451344103187
494	-73.85863467605472	40.548944298948896	1438370492779
495	-73.99514489653193	40.60569496845111	1450348186637
496	-74.20185466157382	40.91581256475848	1408649519663
497	-74.25720630258154	40.8888194411774	1408612402132
498	-73.99416059815474	40.508237872041555	1410457630744
499	-73.86507943344056	40.887482817657435	1396545491488
500	-73.97611875410655	40.58782098886946	1426952015369
501	-73.87780221427182	40.82881362583341	1450897141795
502	-74.17944057774717	40.78783227289902	1433419987458
503	-74.00106574796928	40.61786697289317	1424879247531
504	-73.98605452535325	40.89599717157499	1407101504848
505	-73.83049121860537	40.57688875782131	1440547659760
506	-73.9254325935147	40.57037777411661	1413464021950
507	-73.95970732260182	40.5786770602352	1445679794324
508	-73.76370054118733	40.513954456510476	1401780067312
509	-74.0824538689137	40.584750674141574	1440361366438
510	-74.21714990476919	40.772790611214575	1430501775379
511	-73.75587586369319	40.63886109211916	1420943804263
512	-74.24877793079675	40.80642921048023	1394614473728
513	-74.05818336815443	40.77502771415563	1450936007510
514	-74.15059676015457	40.68743540193063	1421419046332
515	-74.11416094636144	40.77053716751633	1436522035322
516	-74.08103251534925	40.85625430676902	1436653632121
517	-74.24184251957948	40.496687213711226	1418216965525
518	-74.02462864043737	40.51643366126815	1445899806119
519	-73.78183908978069	40.51143141573472	1397124995989
520	-74.12248568004601	40.7590949084759	1449313624866
521	-73.94699089600277	40.63196729757063	1395975713827
522	-73.79824506638221	40.510426162722574	1417210079392
523	-73.86536958774475	40.76033436279291	1423236155295
524	-73.95757654821573	40.62574586064457	1402738051467
525	-74.17825690677412	40.777319349796684	1399759042327
526	-73.95316944808849	40.584656616373884	1398032434816
527	-73.96827224534387	40.84058756543134	1413994344849
528	-73.98576989276533	40.704803884917666	1408373985338
529	-74.08027575747809	40.53556337616075	1400175172125
530	-73.79042460786488	40.740933149050264	1427613974324
531	-74.16670811532002	40.513117788450934	1435556454311
532	-74.25098528939189	40.69903388137281	1411485122858
533	-73.93288525629659	40.65084532588771	1424398662848
534	-73.79861013651666	40.6507630885891	1450647381236
535	-73.91090976085123	40.84378720991063	1399672864790
536	-74.02356590697607	40.804382539432794	1434278470495
537	-74.15865954405592	40.85309777651052	1413526569164
538	-73.78955953423907	40.5179058286961	1449820580663
539	-74.09540519504715	40.886895079009285	1392895941045
540	-74.23484643535004	40.8596225255834	1393190471038
541	-73.84592934561778	40.56879378301563	1425135520422
542	-73.89645265619818	40.85645016511612	1410203458764
543	-74.24567852598199	40.75343794446988	1396464141727
544	-73.7645690760749	40.85948432982714	1450405792589
545	-74.00073121157729	40.60088745383969	1414537658180
546	-74.25715432536725	40.884537495079634	1450425067704
547	-73.79171395740757	40.67428641750573	1427964948260
548	-73.73907292049648	40.540532599228634	1415367358112
549	-73.76100924479105	40.69822418854523	1447256124029
550	-74.25452194629815	40.881917743811634	1405726010374
551	-73.96951922668555	40.78307854249245	1414453449795
552	-74.17589770963752	40.85370139307392	1427447189712
553	-73.84626432281539	40.50040675979614	1409414309734
554	-74.07133757544322	40.841089409677664	1435970357830
555	-73.76851359125466	40.60043734136098	1441568994759
556	-74.16512272248193	40.55022796976134	1419899850693
557	-74.21832164870905	40.4947237138072	1429769155482
558	-74.07496622464387	40.61957274450519	1428762055433
559	-74.19651726109674	40.72450636318212	1404665665984
560	-74.11420771868856	40.635224754146066	1390071494793
561	-74.0000756138812	40.52941932641747	1431504057083
562	-73.88866941533051	40.68796091815609	1410546644586
563	-73.77168771896442	40.58919661999089	1433269453149
564	-73.8841118885853	40.732136851227686	1432235908102
565	-74.2291021947162	40.8314255451585	1445333510655
566	-74.18818254333571	40.90471119886043	1388768072137
567	-73.86251925408341	40.73496513989184	1395006347972
568	-74.19403925165186	40.62216527935856	1450163714873
569	-73.8078228337487	40.64333746273061	1435619795852
570	-74.08229735634316	40.83938837731128	1396442391694
571	-74.0387609289537	40.6564659191676	1428747994087
572	-73.97551547606561	40.89591180485951	1432573291569
573	-74.06520100292451	40.55797172709045	1402513087886
574	-74.00846688618942	40.81700047481233	1416655991194
575	-74.07120502914772	40.638671260027614	1397959804498
576	-74.05723372076505	40.576043879205315	1440217211948
577	-74.23955892783835	40.830372887090675	1408486946145
578	-74.123913932055	40.74538176832335	1410994171574
579	-74.26928309205846	40.845030419186	1436220767834
580	-74.01844766067103	40.61112885666793	1445566734664
581	-74.06097491684282	40.77232807280339	1415379399103
582	-74.26026156695328	40.54921988001959	1390468601143
583	-74.26704065627501	40.75643989374221	1394772664288
584	-73.82129223677339	40.78956448210777	1408784133677
585	-74.05035800027733	40.5279540996653	1414034833715
586	-74.06325731264566	40.68667261001373	1415859261660
587	-74.22787229602451	40.78956274150863	1406038871357
588	-74.26679289151333	40.524566881643025	1413724190630
589	-73.86256262818962	40.90131407527472	1442411131145
590	-74.16940505719414	40.60335949460115	1413123669838
591	-73.87401380881323	40.5844725343725	1435507737138
592	-74.2026452856311	40.535538432581234	1418652906889
593	-74.26737369419773	40.69005764598787	1417055437967
594	-74.1881627178135	40.831818126799746	1432210849915
595	-73.96066421190639	40.64753338388225	1393636831783
596	-73.86484815440747	40.66498268960554	1390043496520
597	-73.96665998247174	40.86265465579697	1434495356037
598	-74.07981339926954	40.84090168914011	1395907100918
599	-73.8557814310404	40.85037380343418	1438827337955
600	-73.73725695361283	40.83066703523099	1392151235258
601	-74.2063992786236	40.82264415385996	1435833776998
602	-74.13488329094136	40.74156799663441	1399875689897
603	-73.97113977545465	40.562164691780666	1401789340431
604	-74.13654503713225	40.88983663886169	1446286408518
605	-73.74739185721074	40.726550686690025	1407638289056
606	-73.96297530715272	40.79180822444262	1411383665954
607	-73.73914824805178	40.86822818416296	1445560597787
608	-74.14464189030541	40.77375551467442	1428242215969
609	-73.90892120355029	40.761369388702285	1415986974714
610	-73.93182134556962	40.86451786235239	1424301273633
611	-74.22775676590875	40.7018285309753	1404297750937
612	-74.0109091705023	40.82711986239629	1446917539830
613	-74.17169379080799	40.69007381065481	1430812882160
614	-73.75742024298442	40.835506208558996	1414133209267
615	-74.24549567735244	40.52765664792667	1400064287189
616	-73.90164771401601	40.66596382942596	1405720047869
617	-74.17221922573003	40.831776990138636	1414761205330
618	-73.78702841242628	40.78553571374314	1443314474132
619	-74.16225202920126	40.910886909292834	1411903288664
620	-73.94654536597336	40.51824402993918	1429621964695
621	-74.12176580824648	40.56467369806283	1444975805025
622	-74.0191794655381	40.497093160813606	1403540146128
623	-73.75215197370217	40.9064716501595	1409441281924
624	-73.95059778682564	40.865082696661545	1438497514682
625	-73.96022761903845	40.87639625316446	1397566694517
626	-74.13002064935176	40.76322436536802	1424439855072
627	-73.74447489034249	40.86023409130635	1431576361701
628	-74.08009861165536	40.52049393132042	1434635593632
629	-73.79875175059865	40.89351101953403	1413252212051
630	-74.13157712257897	40.83294346486759	1428336446620
631	-74.0885441707406	40.843767860470955	1427002886057
632	-74.21605210102673	40.767630122695685	1390622347739
633	-73.88467262331176	40.51011477345671	1432656212765
634	-73.90549638437606	40.74641670541391	1446075596004
635	-73.79564152340316	40.560565807678415	1409977100038
636	-74.24081183064038	40.907386902698136	1423278001087
637	-74.23759844143552	40.54720703298242	1395580960566
638	-74.01369907891534	40.91830764966685	1390765445989
639	-73.92661407200538	40.76637165552224	1404301569747
640	-73.88743202887474	40.82074245961486	1438422222297
641	-73.75645784771001	40.764825897868015	1427597897015
642	-74.05274271086212	40.84931988205331	1402586429440
643	-74.25524873871775	40.58731454195008	1416967457983
644	-73.94953822405516	40.81345098072295	1414975990098
645	-74.18646375997547	40.904398223598456	1439692801341
646	-73.87782409582611	40.58547981891009	1397429529186
647	-73.86535972183495	40.64883565333714	1443130085157
648	-74.15241643589941	40.84963385177698	1434961958269
649	-74.17968894081854	40.81489870748461	1425581345637
650	-73.91089770259597	40.61801302887745	1446470862831
651	-74.07364093124185	40.772204833679936	1401017384226
652	-73.7941483976406	40.52191364756688	1400485475716
653	-73.8620971172302	40.85877547772109	1426270531525
654	-74.04827067360276	40.602376615913165	1404740836278
655	-73.89431323224363	40.83486068950446	1402516444172
656	-73.95813790999321	40.89094667855243	1395768965723
657	-74.19368790035999	40.54469394665703	1438707421711
658	-74.22757469987232	40.75879447231093	1392739853700
659	-74.00051124290336	40.87628709781252	1414593463572
660	-73.96717228642585	40.591529892965326	1449673088971
661	-73.85118008347847	40.84987027066747	1422074705457
662	-73.80683117301413	40.75998449869917	1431984932048
663	-73.80083110553161	40.69305710069831	1404399086380
664	-74.06880820789782	40.907901226055074	1424167923225
665	-73.80914357719075	40.705651788278274	1445229141662
666	-73.84737685909869	40.776288648062106	1399757888700
667	-74.206261517945	40.5072722564995	1414853913770
668	-73.78835888712662	40.70560242613545	1428684626235
669	-74.15812381288282	40.7796719344513	1415736787795
670	-74.2316082998298	40.85885004204892	1403060068065
671	-74.06507211700286	40.56635159938139	1432444281078
672	-73.77826267312255	40.88872646043915	1399675764235
673	-73.74129981562484	40.72722073382482	1423657452303
674	-73.83242578675957	40.56114761614585	1433168993505
675	-73.78862162861753	40.718304250501355	1406360952320
676	-73.79381726434866	40.88111136990864	1392165504878
677	-74.1824846272161	40.686649063161546	1444482136955
678	-74.10288800469817	40.768461610837505	1429798251685
679	-73.93287905624334	40.617164288646705	1395927188617
680	-73.94277213388521	40.56386072751412	1414301936634
681	-73.84095599192962	40.61719327281153	1400613756189
682	-73.99714266511266	40.90367580515011	1418035995392
683	-73.94263071476892	40.714056152217346	1404223612300
684	-74.00261245205454	40.65024005005136	1442315669801
685	-73.79311921516552	40.523102964970775	1408254005006
686	-74.0030246404783	40.678665650497116	1444043022364
687	-74.26344942250057	40.519876595279676	1413074140517
688	-74.2495088683441	40.62512612355133	1394710085843
689	-74.12159489264279	40.62226251278473	1400455360192
690	-74.11296292174497	40.61819611480466	1425744014102
691	-74.15813994317458	40.83368884490484	1418249271872
692	-74.20250857122883	40.71557579300014	1389801383535
693	-74.15554595220085	40.504881204553534	1398914919962
694	-73.73827606939723	40.712994395831295	1437068411670
695	-73.97105730543383	40.67363992845129	1410128204676
696	-74.23719127662982	40.917915662127605	1446365911136
697	-73.84358770038683	40.585280240457195	1391349778751
698	-74.16020625635659	40.76344178105901	1430983700357
699	-74.09623365269677	40.56026237689621	1436172975136
700	-74.10602251053912	40.74542933825813	1405726665041
701	-73.74935985301977	40.64991755106527	1389649546616
702	-74.12945713933132	40.772074218619075	1422749134330
703	-73.7805705367372	40.545038289883436	1431030414380
704	-74.10950473341536	40.76265134222492	1427570988674
705	-74.06958449517043	40.581618949663216	1449711162704
706	-74.00935472807865	40.56607297938427	1438241883451
707	-74.01021984270321	40.65899274310076	1408896843924
708	-74.01808296773123	40.62233306680721	1445964966805
709	-73.78647727672401	40.83263639724535	1451555422185
710	-74.15489977606238	40.52501351997171	1432531238377
711	-73.9599194013172	40.76864923350506	1437612786340
712	-73.88494689609657	40.850704779186934	1403215510744
713	-74.17595320623633	40.568984241882276	1451499961848
714	-74.12763955530028	40.64309683783394	1395050700644
715	-74.09221660939673	40.66684079637478	1447186723696
716	-74.24730745344135	40.568632992993834	1445697801359
717	-74.20792173755113	40.913812793050205	1424843827335
718	-73.83117005607869	40.82981289994916	1414445068479
719	-73.83115298491136	40.57088653012949	1408333438325
720	-73.82512548897783	40.893106434123446	1444242678555
721	-73.83565290556078	40.53529901098973	1446746280132
722	-73.73682566286978	40.74173277592382	1414195113674
723	-74.26737440567281	40.69377377683813	1425997143420
724	-74.19888688058629	40.667003054283306	1447308418141
725	-73.88367969465382	40.74702756906571	1443321648130
726	-74.00319008687592	40.56771828578358	1411639842784
727	-74.24622727106453	40.82962811413648	1430178481084
728	-74.24452119021184	40.909438068343874	1395132162168
729	-73.93641110947264	40.83986276323837	1391627748373
730	-73.80036714750942	40.55096633518253	1438732513871
731	-74.24566327790613	40.53944266701332	1416025332140
732	-74.2200045614407	40.654688129898	1433906651433
733	-74.0284486311093	40.72451191877447	1418040172751
734	-74.05705500022472	40.58827657423034	1390879890503
735	-73.85972807144404	40.909416026646454	1433787547466
736	-74.26998122911546	40.74850523031379	1408607009861
737	-73.92077311336564	40.72915393326935	1449370491403
738	-74.00056957016993	40.8043588244874	1398237899139
739	-73.97651002753508	40.57472969347653	1403968124255
740	-74.11278331703468	40.549280924688986	1403235518304
741	-73.76988755831621	40.74237583513688	1412244082441
742	-74.18239699600582	40.71366988406748	1451128247928
743	-74.13568438481103	40.6255869009062	1447459661538
744	-73.910681227847	40.5213248321124	1421212583298
745	-74.16672501176932	40.78212657068133	1408223495377
746	-73.85549220499134	40.53879133311523	1447028108114
747	-73.76638808384824	40.822389076495035	1409801390809
748	-74.23987376303126	40.721016003126856	1448060929252
749	-74.01984786095626	40.78151336427256	1423679571276
750	-73.98997052873017	40.79995166359881	1427645370608
751	-73.83942094112095	40.5882794415544	1421250376292
752	-74.0954547826229	40.83780875418631	1394056304922
753	-73.91043117158095	40.55696245130234	1395644843681
754	-73.82931172095743	40.625402520437355	1417867108366
755	-73.8737941445036	40.61925912432684	1389580250051
756	-73.8159729644095	40.59102191112991	1392920872163
757	-73.94662629648464	40.891036527334464	1405884009090
758	-73.86093835221241	40.61719566951887	1437462858076
759	-74.13313619870672	40.74432043004513	1449059406810
760	-74.16484483113574	40.655391319648835	1399343183125
761	-73.96427320734117	40.50262010936007	1428590379395
762	-73.96289124044074	40.706502199841076	1424453675179
763	-73.91425790700919	40.79135542033259	1394820473428
764	-74.12465854904623	40.69925681068892	1396418670358
765	-74.02711769877149	40.57922361782532	1439106439025
766	-74.16280441873242	40.520390373554974	1399570125528
767	-74.04773923166775	40.53850588693162	1417336369199
768	-74.00293719866033	40.53147071087119	1421677231920
769	-74.08570346980257	40.68670019609412	1448384399928
770	-73.88522802634002	40.68068923875394	1404803707931
771	-74.10950683038935	40.646049420080985	1419785244043
772	-74.11294401970561	40.68247767108762	1441368098997
773	-74.18758765811646	40.834297994569056	1435433650756
774	-74.05461607053883	40.52653907648327	1445135663424
775	-73.75085548254415	40.828890452104275	1429181056497
776	-73.89912854360023	40.585306557023564	1407927568436
777	-74.16441825422602	40.828004053670384	1437819645468
778	-74.0874433741271	40.6373070859305	1420096474205
779	-73.77888494793969	40.58985432625324	1393970346138
780	-74.22084711699222	40.796261346857506	1431519036999
781	-73.97328724966371	40.71187095092571	1435783032319
782	-74.09688045064652	40.8930857409936	1428288084608
783	-73.85277724721104	40.89132570681542	1412975812673
784	-73.79097090261288	40.664197891979946	1406878352662
785	-73.92446278628427	40.69883694196363	1428594221646
786	-74.15127418721251	40.846632896078525	1416933154310
787	-74.23253519616128	40.535291509505896	1404632325717
788	-74.10960238941537	40.89715375731766	1395200746545
789	-73.77474358838933	40.617744122404815	1437049340878
790	-73.7636667326075	40.73648464727515	1428752303434
791	-73.94826692248412	40.54019693070622	1438763201208
792	-73.75417213002271	40.75993064320886	1392608231887
793	-74.09166377653163	40.52783583921948	1436384130256
794	-74.0245920755138	40.65708264860319	1445363463515
795	-74.05202251767969	40.6602385504721	1419224276417
796	-73.83300674441985	40.671691977843764	1421255569684
797	-73.8646378695358	40.8640818115261	1407466749969
798	-74.27386208550773	40.72582384625468	1393483901363
799	-73.77586460441134	40.54437269864766	1405936825021
800	-73.89964946857296	40.79372555610589	1445181355800
801	-73.97582999851753	40.81024121412477	1419149946442
802	-74.17271763236016	40.7266537823341	1408350960550
803	-73.88394157481795	40.54321648558792	1430641795303
804	-73.80554271836573	40.67964659344183	1418664244581
805	-73.8306097486103	40.84454432424784	1389888039013
806	-74.14801369943783	40.847950007421126	1424119183091
807	-74.03668099994624	40.90537905276776	1430898004657
808	-74.12828749307373	40.608493830128744	1419460688527
809	-73.96915186517701	40.50306494374544	1446396517104
810	-73.92368813244889	40.56129137789109	1418960199204
811	-73.83520391554103	40.71589378225522	1447631595547
812	-73.80135737542298	40.8931301032028	1448385017697
813	-74.10940731872911	40.71686944324265	1415127164463
814	-74.22508839559981	40.91601023147302	1441045745422
815	-74.2362175123894	40.67894007460673	1443309778679
816	-73.80128420558201	40.88334147429686	1404937996636
817	-73.89586895506147	40.63494259982223	1395178269419
818	-73.79576602081254	40.58378167793536	1445751287821
819	-74.23683690955896	40.70681410391182	1439133312527
820	-73.95144003776922	40.6054080522428	1404945329862
821	-74.09202959965579	40.64479774815335	1401000567740
822	-74.23236336838684	40.72226446705518	1396100826661
823	-73.79595981228857	40.70351194721091	1425205262064
824	-73.94461334715473	40.6899427170392	1407719035780
825	-74.14653884742113	40.49558461080358	1450474015662
826	-73.92987024629083	40.86114108724989	1395106426508
827	-74.04578026597441	40.7944060288093	1405250073619
828	-74.25032668858015	40.56800602152008	1392924415552
829	-74.05510403507017	40.67842768231453	1436765387070
830	-74.2654687786675	40.803160006268385	1389043341798
831	-74.2402315091597	40.89795602928762	1411579795099
832	-73.91996096891498	40.88849692483292	1425702930123
833	-74.1325851213509	40.81743142793538	1411852054654
834	-74.1815725772632	40.67618655738819	1430387634804
835	-74.17810637940974	40.83738170828921	1429874532404
836	-74.25801325156749	40.607138433520035	1445770522977
837	-73.76533120762201	40.75864356698722	1440066042389
838	-73.98350227059328	40.70188094130457	1390663796115
839	-74.2570286845428	40.75427190527364	1441588548982
840	-74.0008460520139	40.64531892239041	1426168771616
841	-73.78332634993288	40.61866367129935	1428078948482
842	-73.76341489814803	40.57358941521904	1433083830464
843	-73.84929605873688	40.88832115442438	1417111394625
844	-74.02376710449016	40.87611826101704	1395349894242
845	-73.97458972093524	40.582726554996555	1392964684716
846	-74.11154396977304	40.79599691749402	1389476335278
847	-74.16613119183134	40.903686534999544	1442990983001
848	-74.13226238249038	40.89203504637158	1415172797192
849	-73.94210053322195	40.69876574446531	1403470983948
850	-74.09677123863455	40.61511598568142	1418310152546
851	-74.19230557056426	40.73080579086809	1428451195550
852	-73.83024636004785	40.555391194893154	1437305294167
853	-73.75673663536722	40.53363316120794	1410486759500
854	-73.81064412595079	40.657815949020346	1442944010703
855	-74.14904062529226	40.52178412506938	1425878797797
856	-74.1586269018606	40.613928886964	1449059124309
857	-73.73792320900394	40.833818915551625	1450075671754
858	-74.04515742818668	40.60020804695345	1446697255668
859	-74.12885874434564	40.527846331829245	1419771575816
860	-73.91556578170312	40.69792138161261	1445595521462
861	-73.99669477237292	40.69602410392424	1395950738726
862	-73.77671969731223	40.717613226389936	1406684432794
863	-73.94059456972414	40.52199965539045	1403822383628
864	-74.1001694954125	40.53521576661125	1434145712550
865	-74.02133946806984	40.50329365021974	1441887014186
866	-74.25272143189885	40.578792990570456	1392814378666
867	-74.17686649145845	40.57219775990364	1417544194416
868	-74.02081148485922	40.91654696513658	1407219908777
869	-73.83985215839984	40.749100945223404	1434258593820
870	-73.7488317137887	40.8998439627069	1408544154460
871	-73.93010002042905	40.555364081904095	1394834622685
872	-74.20322833267592	40.82349705176755	1433392477592
873	-74.21263684284084	40.62755896036399	1425487998523
874	-74.06739834465807	40.53049660892761	1433069996510
875	-74.04255852656058	40.625979704182534	1398823651839
876	-74.11356647305621	40.86172750077238	1427414559076
877	-73.97257845132161	40.914099204679175	1448115567289
878	-74.19082868472543	40.76491681622698	1443453268994
879	-74.14561554905161	40.80873136939464	1431748246285
880	-74.17678096995087	40.62184885026843	1415168658557
881	-73.87335830350558	40.62395252581861	1391509228988
882	-73.92697221789544	40.83521710010025	1445472780700
883	-74.15134191398603	40.872553308254055	1441193951272
884	-73.82784831503265	40.84555149942628	1440121230961
885	-73.79583224864507	40.783247359795816	1404660716632
886	-73.75867387641989	40.83114924319159	1400319243797
887	-73.78968611955084	40.729777898776675	1427449773882
888	-74.23824669017212	40.70450864741092	1447914713394
889	-73.97205803459605	40.585682866220324	1436301901850
890	-74.18564241318279	40.59902703817001	1389253516225
891	-73.74006692980507	40.56678778112327	1408128504163
892	-74.23348418217107	40.85192115091729	1409239161090
893	-73.94364566873746	40.69344969171234	1400455221930
894	-74.01441217102682	40.76026226881715	1390278319485
895	-74.09476910596099	40.68684437454038	1428855959552
896	-73.91919013071588	40.90364966791162	1424295116846
897	-73.96911158043528	40.624745862284534	1396316869428
898	-73.97988096497677	40.895716775641084	1436811591269
899	-73.84830086237267	40.63088081924963	1431728996988
900	-74.24732466855991	40.62820075229286	1419357801101
901	-73.92574272693088	40.82479782787501	1407251627617
902	-73.97480918817847	40.503975726109765	1403788262317
903	-74.01135684514254	40.84363154316031	1437486143394
904	-73.74386257576724	40.87239911470968	1412787327591
905	-74.1928461888708	40.87661943388369	1450671705912
906	-73.78664987042907	40.50844711733711	1403857746927
907	-73.99038334889282	40.7270363209024	1390047438086
908	-74.21970157692073	40.59081672304631	1416943946752
909	-74.18104319844079	40.6710808798687	1449428128774
910	-73.81472016936439	40.57507461750918	1392745707246
911	-74.12270903593507	40.89477387357011	1444144851451
912	-73.86272220108528	40.54899660552844	1432117064861
913	-74.22771798517044	40.76914894946481	1418479190543
914	-74.25196452635167	40.50393599304733	1435860428105
915	-74.05000024049302	40.50206228115691	1447856506947
916	-74.12708515077988	40.812616639744284	1446627677677
917	-73.84846502549948	40.58602420692509	1391687329887
918	-73.83043320049785	40.82711572518434	1416046493784
919	-74.23591230332042	40.896094550252336	1445292486627
920	-74.04322361912723	40.81159067936932	1414743163159
921	-73.83908137202098	40.860784310927045	1422866219640
922	-74.00889506048757	40.662461539412746	1439015158072
923	-73.83765206816943	40.74322596962587	1428880376645
924	-74.22816210785915	40.684282735861665	1401750690889
925	-74.1224272666375	40.6628032803105	1394441818899
926	-74.16873532543794	40.827965156381076	1449422348752
927	-73.79994073774563	40.62313070872966	1434217886621
928	-73.79053879083916	40.86662584134201	1419976871029
929	-74.0342380459097	40.61563419015478	1436060877172
930	-74.06044958580185	40.62141548478986	1448233551125
931	-74.01104892487074	40.62303200883525	1430307053222
932	-74.10446684825406	40.58127240139393	1438813734756
933	-74.03326239702528	40.77917666927708	1426152600926
934	-73.86061336620115	40.8178647376069	1446729328889
935	-74.08025129428161	40.81551672884353	1407814160296
936	-74.00065134818756	40.87883230388291	1398018533481
937	-73.99590410844151	40.581177601319936	1451205163066
938	-74.13461736064971	40.541914520494934	1413574377317
939	-73.94496202024251	40.91405909965973	1404125775171
940	-74.01292851968378	40.707625519836014	1428337990344
941	-74.24207837544932	40.80882413697166	1392718842942
942	-74.23572095996296	40.68917421109372	1431791898678
943	-73.9737949694439	40.66875315143334	1407058963990
944	-74.10546661346429	40.66667623556267	1442712524433
945	-74.16517799843604	40.61613214421148	1405615158228
946	-74.19350764314929	40.52363871039702	1444790654770
947	-73.93527175139167	40.74714953743892	1433172647882
948	-73.74394511102984	40.78752744600942	1433913658591
949	-73.80824808161168	40.53777050819358	1398810649505
950	-73.73548007525925	40.52353695450048	1426208391608
951	-74.26884495308293	40.76655559452211	1416313239208
952	-73.83865948308856	40.50349488528209	1451125034261
953	-73.91445059869609	40.885528056980476	1448697890384
954	-74.00876107987507	40.53735112866638	1403498195328
955	-73.7747480127662	40.53781850759353	1422529048717
956	-73.89284012179144	40.79997708477477	1430532627661
957	-73.79218634705029	40.63030908760738	1437777000432
958	-74.10743791540935	40.82733262450987	1397801547999
959	-74.09968782712062	40.839713992399595	1424577967267
960	-73.90123769966692	40.60381467655534	1443037845370
961	-73.81738026596652	40.7180419553424	1391689068301
962	-74.07457773055883	40.57825640885119	1429239798935
963	-73.88747964212055	40.837937864003216	1438610806730
964	-73.9345544167383	40.91561036262169	1411196382289
965	-73.94337178356092	40.80470825046055	1437179447644
966	-73.99743851359335	40.901813548300055	1413021190171
967	-73.78899663328201	40.877354017735875	1448459602095
968	-74.22366035136135	40.85489207994283	1431532452676
969	-73.89856213820454	40.7005114641526	1422223682414
970	-73.82443254900735	40.65976782340972	1434504524549
971	-73.94860467464446	40.501054168062275	1389363827979
972	-74.23991160715804	40.90732714198378	1412573135253
973	-74.2358698459533	40.918680268639164	1441494407757
974	-74.14694588439166	40.524241581969086	1408615710859
975	-74.00031855449242	40.7340271695194	1439805501840
976	-74.08177889530688	40.65203884982439	1446613699963
977	-74.03438731926484	40.60533302359451	1447507006417
978	-73.7770440506593	40.737478600586165	1448647869186
979	-74.25725110319107	40.83866119297428	1445971729171
980	-74.26266667996006	40.85873386925199	1418637953282
981	-74.26553474707127	40.646532810574	1412531528236
982	-73.9937766198891	40.60672297519678	1416079152939
983	-73.97314337889566	40.67742599447569	1416270122714
984	-74.04511481668317	40.86848875318798	1424191438843
985	-73.7779727945423	40.50084634823633	1423928632753
986	-73.92382331370011	40.80859764449736	1395905542872
987	-74.19907743652433	40.74491982441853	1404759318686
988	-73.82458658225197	40.69436252434139	1434126221919
989	-74.09547424177111	40.575193241930556	1409457494627
990	-74.25125150488026	40.6313557026413	1408913113061
991	-73.84094246887669	40.78176590192028	1393969665586
992	-74.12129104547016	40.52767065722577	1448211455892
993	-74.12535221576358	40.58912857830062	1410432633535
994	-74.00799081302853	40.71478347479618	1432709178524
995	-73.86492176873787	40.88225661981987	1442964352424
996	-73.90347626698112	40.8897238256483	1421854146648
997	-74.06274244317454	40.52288612706504	1403569297497
998	-74.08510851143112	40.67050364835873	1415057808538
999	-74.24931585829647	40.8204872115206	1413232676306
